method,batch_silhouette (want low),celltype_silhouette (want high)
harmony,-0.07770077919276608,0.24921157732305546
bbknn,-0.11536511033773422,0.22204682230949402
scvi,-0.06237158924341202,0.14660246670246124
